run_id,type,params,metrics
26324785ef4e49239b93a80126582705,parent,"{'params.activation': None, 'params.n_layers': None, 'params.hidden_units': None, 'params.batch_size': None, 'params.learning rate': None}","{'metrics.lowest_val_loss': nan, 'metrics.test_MAPE_norm': nan, 'metrics.test_By_MAE': nan, 'metrics.val_loss_RMSE': nan, 'metrics.test_By_MAEP': nan, 'metrics.train_loss_RMSE': nan, 'metrics.test_Bx_MAEP': nan, 'metrics.test_RMSE': nan, 'metrics.test_Bx_MAE': nan, 'metrics.test_MAE_norm': nan, 'metrics.test_Bz_MAE': nan, 'metrics.test_Bz_MAEP': nan, 'metrics.final_val_loss': nan}"
2a31158cb0e54c02aeab5273d5605ba0,nested,"{'params.activation': 'ReLU', 'params.n_layers': '6', 'params.hidden_units': '434', 'params.batch_size': '192', 'params.learning rate': '0.000409026240210257'}","{'metrics.lowest_val_loss': 0.5661484022727935, 'metrics.test_MAPE_norm': 0.08091375671273512, 'metrics.test_By_MAE': 0.2298487424850464, 'metrics.val_loss_RMSE': 0.6485444400015747, 'metrics.test_By_MAEP': 0.08728974312543869, 'metrics.train_loss_RMSE': 0.5556970693782711, 'metrics.test_Bx_MAEP': 0.08720847964286804, 'metrics.test_RMSE': 0.5667856976276395, 'metrics.test_Bx_MAE': 0.21948468685150146, 'metrics.test_MAE_norm': 0.4317674203742322, 'metrics.test_Bz_MAE': 0.2902945876121521, 'metrics.test_Bz_MAEP': 0.07534686475992203, 'metrics.final_val_loss': nan}"
441a71061d2e43cea0f3ebc95fe42af4,nested,"{'params.activation': 'ReLU', 'params.n_layers': '6', 'params.hidden_units': '448', 'params.batch_size': '192', 'params.learning rate': '0.0004573346193686338'}","{'metrics.lowest_val_loss': 0.5655892615043837, 'metrics.test_MAPE_norm': 0.07925858600534123, 'metrics.test_By_MAE': 0.22013506293296814, 'metrics.val_loss_RMSE': 0.7785590066838959, 'metrics.test_By_MAEP': 0.08363404124975204, 'metrics.train_loss_RMSE': 0.5504266772687737, 'metrics.test_Bx_MAEP': 0.08752039074897766, 'metrics.test_RMSE': 0.5636644406551276, 'metrics.test_Bx_MAE': 0.220000222325325, 'metrics.test_MAE_norm': 0.42282458303643644, 'metrics.test_Bz_MAE': 0.28400060534477234, 'metrics.test_Bz_MAEP': 0.07379477471113205, 'metrics.final_val_loss': nan}"
ddb591f07baa4589a1e93d4acbfa62c8,nested,"{'params.activation': 'ReLU', 'params.n_layers': '6', 'params.hidden_units': '424', 'params.batch_size': '192', 'params.learning rate': '0.00043221795956600834'}","{'metrics.lowest_val_loss': 0.564541110552435, 'metrics.test_MAPE_norm': 0.08141870893162789, 'metrics.test_By_MAE': 0.23260943591594696, 'metrics.val_loss_RMSE': 0.7269696268535012, 'metrics.test_By_MAEP': 0.08830422163009644, 'metrics.train_loss_RMSE': 0.577129856095537, 'metrics.test_Bx_MAEP': 0.09019173681735992, 'metrics.test_RMSE': 0.5631813324756593, 'metrics.test_Bx_MAE': 0.22667352855205536, 'metrics.test_MAE_norm': 0.43443768573321884, 'metrics.test_Bz_MAE': 0.2866252064704895, 'metrics.test_Bz_MAEP': 0.07442760467529297, 'metrics.final_val_loss': nan}"
b99f8abefd074a788cb499a3b80fd58e,nested,"{'params.activation': 'ReLU', 'params.n_layers': '6', 'params.hidden_units': '447', 'params.batch_size': '192', 'params.learning rate': '0.0004306500882091994'}","{'metrics.lowest_val_loss': 0.5219610628793944, 'metrics.test_MAPE_norm': 0.07323510245346337, 'metrics.test_By_MAE': 0.20979589223861694, 'metrics.val_loss_RMSE': 0.6553228984459236, 'metrics.test_By_MAEP': 0.07966794818639755, 'metrics.train_loss_RMSE': 0.5994646108029713, 'metrics.test_Bx_MAEP': 0.08091191947460175, 'metrics.test_RMSE': 0.5192068828114184, 'metrics.test_Bx_MAE': 0.20365430414676666, 'metrics.test_MAE_norm': 0.39076887982354747, 'metrics.test_Bz_MAE': 0.2572917640209198, 'metrics.test_Bz_MAEP': 0.06684604287147522, 'metrics.final_val_loss': nan}"
e025714c0fa149f486b97ca149e16325,nested,"{'params.activation': 'leaky_ReLU', 'params.n_layers': '6', 'params.hidden_units': '461', 'params.batch_size': '192', 'params.learning rate': '0.00041560654652472934'}","{'metrics.lowest_val_loss': 0.5583967971874909, 'metrics.test_MAPE_norm': 0.07741572697171205, 'metrics.test_By_MAE': 0.220668762922287, 'metrics.val_loss_RMSE': 0.9479983096945624, 'metrics.test_By_MAEP': 0.08391536772251129, 'metrics.train_loss_RMSE': 0.6334600885203999, 'metrics.test_Bx_MAEP': 0.08367381244897842, 'metrics.test_RMSE': 0.5559183230094114, 'metrics.test_Bx_MAE': 0.21056827902793884, 'metrics.test_MAE_norm': 0.41333248696738867, 'metrics.test_Bz_MAE': 0.2769589126110077, 'metrics.test_Bz_MAEP': 0.0718221664428711, 'metrics.final_val_loss': nan}"
7f42ade865e54c9c8150a8f586a85fc4,nested,"{'params.activation': 'leaky_ReLU', 'params.n_layers': '6', 'params.hidden_units': '398', 'params.batch_size': '192', 'params.learning rate': '0.00040107134048503255'}","{'metrics.lowest_val_loss': 0.5579100175131416, 'metrics.test_MAPE_norm': 0.07722934008502275, 'metrics.test_By_MAE': 0.2169651836156845, 'metrics.val_loss_RMSE': 0.5579100175131416, 'metrics.test_By_MAEP': 0.08239993453025818, 'metrics.train_loss_RMSE': 0.640465337095161, 'metrics.test_Bx_MAEP': 0.08348219841718674, 'metrics.test_RMSE': 0.5495858411242527, 'metrics.test_Bx_MAE': 0.21013815701007843, 'metrics.test_MAE_norm': 0.41234317829283024, 'metrics.test_Bz_MAE': 0.2788449823856354, 'metrics.test_Bz_MAEP': 0.07240267843008041, 'metrics.final_val_loss': nan}"
bb9a4de17cbd437fb1624f6c48df234b,nested,"{'params.activation': 'leaky_ReLU', 'params.n_layers': '6', 'params.hidden_units': '414', 'params.batch_size': '192', 'params.learning rate': '0.00043000367279695637'}","{'metrics.lowest_val_loss': 0.554733249039382, 'metrics.test_MAPE_norm': 0.07887182277526787, 'metrics.test_By_MAE': 0.23055961728096008, 'metrics.val_loss_RMSE': 0.7630814324327101, 'metrics.test_By_MAEP': 0.08745028078556061, 'metrics.train_loss_RMSE': 0.5473810577241524, 'metrics.test_Bx_MAEP': 0.085636205971241, 'metrics.test_RMSE': 0.5569825652884846, 'metrics.test_Bx_MAE': 0.21550151705741882, 'metrics.test_MAE_norm': 0.4214482543279799, 'metrics.test_Bz_MAE': 0.27711689472198486, 'metrics.test_Bz_MAEP': 0.07186887413263321, 'metrics.final_val_loss': nan}"
acdf15945d4e4054885cb9b66c9e17b8,nested,"{'params.activation': 'leaky_ReLU', 'params.n_layers': '6', 'params.hidden_units': '449', 'params.batch_size': '192', 'params.learning rate': '0.00041083139081881135'}","{'metrics.lowest_val_loss': 0.5594112865800366, 'metrics.test_MAPE_norm': 0.07858647778630257, 'metrics.test_By_MAE': 0.2258225977420807, 'metrics.val_loss_RMSE': 0.8478750600327544, 'metrics.test_By_MAEP': 0.08580571413040161, 'metrics.train_loss_RMSE': 0.536394211215786, 'metrics.test_Bx_MAEP': 0.08557836711406708, 'metrics.test_RMSE': 0.5605262040334529, 'metrics.test_Bx_MAE': 0.21547812223434448, 'metrics.test_MAE_norm': 0.4194267332125053, 'metrics.test_Bz_MAE': 0.2781774401664734, 'metrics.test_Bz_MAEP': 0.07220364362001419, 'metrics.final_val_loss': nan}"
2d2efdb3dddc48a5afad7ca31759161a,nested,"{'params.activation': 'leaky_ReLU', 'params.n_layers': '6', 'params.hidden_units': '447', 'params.batch_size': '192', 'params.learning rate': '0.00040890939943949927'}","{'metrics.lowest_val_loss': 0.5446452089140035, 'metrics.test_MAPE_norm': 0.07679289836677716, 'metrics.test_By_MAE': 0.21888470649719238, 'metrics.val_loss_RMSE': 0.5965465434247114, 'metrics.test_By_MAEP': 0.08300945907831192, 'metrics.train_loss_RMSE': 0.42949580982445834, 'metrics.test_Bx_MAEP': 0.08254016190767288, 'metrics.test_RMSE': 0.5498792266145865, 'metrics.test_Bx_MAE': 0.20755381882190704, 'metrics.test_MAE_norm': 0.4097977145541486, 'metrics.test_Bz_MAE': 0.2755037546157837, 'metrics.test_Bz_MAEP': 0.07162730395793915, 'metrics.final_val_loss': nan}"
82de4004537747a191926f1634df38d2,nested,"{'params.activation': 'ReLU', 'params.n_layers': '6', 'params.hidden_units': '421', 'params.batch_size': '192', 'params.learning rate': '0.0004148177816274093'}","{'metrics.lowest_val_loss': 0.5736402573975286, 'metrics.test_MAPE_norm': 0.08237239638035246, 'metrics.test_By_MAE': 0.2344440519809723, 'metrics.val_loss_RMSE': 0.609901980840527, 'metrics.test_By_MAEP': 0.08900299668312073, 'metrics.train_loss_RMSE': 0.4405791640914194, 'metrics.test_Bx_MAEP': 0.09140211343765259, 'metrics.test_RMSE': 0.5704295379087952, 'metrics.test_Bx_MAE': 0.23008239269256592, 'metrics.test_MAE_norm': 0.43982898910268603, 'metrics.test_Bz_MAE': 0.29044049978256226, 'metrics.test_Bz_MAEP': 0.07534535974264145, 'metrics.final_val_loss': nan}"
560f5ad58f744b84abe7047badff9db3,nested,"{'params.activation': 'leaky_ReLU', 'params.n_layers': '6', 'params.hidden_units': '418', 'params.batch_size': '192', 'params.learning rate': '0.00041212785466544224'}","{'metrics.lowest_val_loss': 0.544210659668322, 'metrics.test_MAPE_norm': 0.07595230523738072, 'metrics.test_By_MAE': 0.20945049822330475, 'metrics.val_loss_RMSE': 0.9888069567529023, 'metrics.test_By_MAEP': 0.07961978018283844, 'metrics.train_loss_RMSE': 0.6440571528787808, 'metrics.test_Bx_MAEP': 0.08328630775213242, 'metrics.test_RMSE': 0.5407258922333518, 'metrics.test_Bx_MAE': 0.209634467959404, 'metrics.test_MAE_norm': 0.40574751269045495, 'metrics.test_Bz_MAE': 0.2748553156852722, 'metrics.test_Bz_MAEP': 0.07120615988969803, 'metrics.final_val_loss': nan}"
9c0172b32ed74bd3bbd7023e60bba720,nested,"{'params.activation': 'ReLU', 'params.n_layers': '6', 'params.hidden_units': '435', 'params.batch_size': '192', 'params.learning rate': '0.00047331682252538964'}","{'metrics.lowest_val_loss': 0.5524018148471809, 'metrics.test_MAPE_norm': 0.07924246552179186, 'metrics.test_By_MAE': 0.2293362319469452, 'metrics.val_loss_RMSE': 0.6043556353492409, 'metrics.test_By_MAEP': 0.08717934787273407, 'metrics.train_loss_RMSE': 0.4865464858845055, 'metrics.test_Bx_MAEP': 0.08751537650823593, 'metrics.test_RMSE': 0.5504193731432622, 'metrics.test_Bx_MAE': 0.22021865844726562, 'metrics.test_MAE_norm': 0.4227419969418066, 'metrics.test_Bz_MAE': 0.2767128646373749, 'metrics.test_Bz_MAEP': 0.071889229118824, 'metrics.final_val_loss': nan}"
2272d98ea6fb490097de43a1e82e9030,nested,"{'params.activation': 'ReLU', 'params.n_layers': '6', 'params.hidden_units': '356', 'params.batch_size': '192', 'params.learning rate': '0.00044522849455594604'}","{'metrics.lowest_val_loss': 0.5685343653232315, 'metrics.test_MAPE_norm': 0.08340405067093938, 'metrics.test_By_MAE': 0.23896779119968414, 'metrics.val_loss_RMSE': 0.8508403841180251, 'metrics.test_By_MAEP': 0.09071660041809082, 'metrics.train_loss_RMSE': 0.5011953025833633, 'metrics.test_Bx_MAEP': 0.09176501631736755, 'metrics.test_RMSE': 0.5743470922484656, 'metrics.test_Bx_MAE': 0.230718195438385, 'metrics.test_MAE_norm': 0.44527427326861047, 'metrics.test_Bz_MAE': 0.29440006613731384, 'metrics.test_Bz_MAEP': 0.0763639286160469, 'metrics.final_val_loss': nan}"
4c5c80adaf194e99b2b370fa5ebeb188,nested,"{'params.activation': 'leaky_ReLU', 'params.n_layers': '6', 'params.hidden_units': '493', 'params.batch_size': '192', 'params.learning rate': '0.0004621915925368929'}","{'metrics.lowest_val_loss': 0.5744951146213985, 'metrics.test_MAPE_norm': 0.08161085072181208, 'metrics.test_By_MAE': 0.22746478021144867, 'metrics.val_loss_RMSE': 0.8322048215659089, 'metrics.test_By_MAEP': 0.0864800214767456, 'metrics.train_loss_RMSE': 0.68282154805697, 'metrics.test_Bx_MAEP': 0.08983033895492554, 'metrics.test_RMSE': 0.5764331648913202, 'metrics.test_Bx_MAE': 0.22602027654647827, 'metrics.test_MAE_norm': 0.43520987612738027, 'metrics.test_Bz_MAE': 0.29215922951698303, 'metrics.test_Bz_MAEP': 0.07589752227067947, 'metrics.final_val_loss': nan}"
e36e9c66198742dba7f2bd05f3c47acc,nested,"{'params.activation': 'leaky_ReLU', 'params.n_layers': '6', 'params.hidden_units': '365', 'params.batch_size': '192', 'params.learning rate': '0.00042522999013351446'}","{'metrics.lowest_val_loss': 0.5784184863811009, 'metrics.test_MAPE_norm': 0.08248870573241077, 'metrics.test_By_MAE': 0.22477348148822784, 'metrics.val_loss_RMSE': 0.6581758878087792, 'metrics.test_By_MAEP': 0.08535131812095642, 'metrics.train_loss_RMSE': 0.4512167412750212, 'metrics.test_Bx_MAEP': 0.08673015981912613, 'metrics.test_RMSE': 0.5738306197465447, 'metrics.test_Bx_MAE': 0.2183157056570053, 'metrics.test_MAE_norm': 0.4402913024528421, 'metrics.test_Bz_MAE': 0.3076673746109009, 'metrics.test_Bz_MAEP': 0.07990987598896027, 'metrics.final_val_loss': nan}"
a8141ba7ce534521a2c567cdcdd38bf4,nested,"{'params.activation': 'leaky_ReLU', 'params.n_layers': '6', 'params.hidden_units': '323', 'params.batch_size': '192', 'params.learning rate': '0.0004968145393940162'}","{'metrics.lowest_val_loss': 0.5806799726406209, 'metrics.test_MAPE_norm': 0.08301055436726097, 'metrics.test_By_MAE': 0.22536779940128326, 'metrics.val_loss_RMSE': 0.5923582271786554, 'metrics.test_By_MAEP': 0.08549827337265015, 'metrics.train_loss_RMSE': 0.6590638612957217, 'metrics.test_Bx_MAEP': 0.09342052042484283, 'metrics.test_RMSE': 0.5689522650013562, 'metrics.test_Bx_MAE': 0.23471346497535706, 'metrics.test_MAE_norm': 0.4427064554296809, 'metrics.test_Bz_MAE': 0.29818296432495117, 'metrics.test_Bz_MAEP': 0.07751783728599548, 'metrics.final_val_loss': nan}"
27418d1706d94d6885858f57ed7d8367,nested,"{'params.activation': 'leaky_ReLU', 'params.n_layers': '6', 'params.hidden_units': '376', 'params.batch_size': '192', 'params.learning rate': '0.00045540107512528243'}","{'metrics.lowest_val_loss': 0.5658442001115311, 'metrics.test_MAPE_norm': 0.07929522635267792, 'metrics.test_By_MAE': 0.227203831076622, 'metrics.val_loss_RMSE': 0.8888327028338383, 'metrics.test_By_MAEP': 0.08639033138751984, 'metrics.train_loss_RMSE': 0.7008892167674519, 'metrics.test_Bx_MAEP': 0.08544094115495682, 'metrics.test_RMSE': 0.5524936412359801, 'metrics.test_Bx_MAE': 0.21476902067661285, 'metrics.test_MAE_norm': 0.423016839533401, 'metrics.test_Bz_MAE': 0.2828860580921173, 'metrics.test_Bz_MAEP': 0.07349711656570435, 'metrics.final_val_loss': nan}"
5028a5016780435a97018b4394a5b9fd,nested,"{'params.activation': 'leaky_ReLU', 'params.n_layers': '6', 'params.hidden_units': '368', 'params.batch_size': '192', 'params.learning rate': '0.0004380002408732525'}","{'metrics.lowest_val_loss': 0.5508988071326654, 'metrics.test_MAPE_norm': 0.07718013243066321, 'metrics.test_By_MAE': 0.21163210272789001, 'metrics.val_loss_RMSE': 0.8017660247004775, 'metrics.test_By_MAEP': 0.0803380012512207, 'metrics.train_loss_RMSE': 0.40250852100191553, 'metrics.test_Bx_MAEP': 0.08759058266878128, 'metrics.test_RMSE': 0.5466137795369267, 'metrics.test_Bx_MAE': 0.22040018439292908, 'metrics.test_MAE_norm': 0.4119104099788254, 'metrics.test_Bz_MAE': 0.27413445711135864, 'metrics.test_Bz_MAEP': 0.07113638520240784, 'metrics.final_val_loss': nan}"
f76e02b1ea6f4c23bb2879f54dd0b939,nested,"{'params.activation': 'leaky_ReLU', 'params.n_layers': '6', 'params.hidden_units': '340', 'params.batch_size': '192', 'params.learning rate': '0.0004689198136298764'}","{'metrics.lowest_val_loss': 0.5661327311418062, 'metrics.test_MAPE_norm': 0.07993641694029457, 'metrics.test_By_MAE': 0.22513283789157867, 'metrics.val_loss_RMSE': 0.6909978926929379, 'metrics.test_By_MAEP': 0.08553092181682587, 'metrics.train_loss_RMSE': 0.46945934301204506, 'metrics.test_Bx_MAEP': 0.08848460763692856, 'metrics.test_RMSE': 0.5550020451156179, 'metrics.test_Bx_MAE': 0.22251801192760468, 'metrics.test_MAE_norm': 0.42652443051338196, 'metrics.test_Bz_MAE': 0.2840006351470947, 'metrics.test_Bz_MAEP': 0.07375045120716095, 'metrics.final_val_loss': nan}"
0f423b22002b46c39fc49c43293f121f,nested,"{'params.activation': 'ReLU', 'params.n_layers': '6', 'params.hidden_units': '340', 'params.batch_size': '192', 'params.learning rate': '0.0005549989647969508'}","{'metrics.lowest_val_loss': 0.5815090932907283, 'metrics.test_MAPE_norm': 0.08681652609178488, 'metrics.test_By_MAE': 0.24850861728191376, 'metrics.val_loss_RMSE': 0.7268006361381711, 'metrics.test_By_MAEP': 0.09446458518505096, 'metrics.train_loss_RMSE': 0.45135878628983583, 'metrics.test_Bx_MAEP': 0.09445983916521072, 'metrics.test_RMSE': 0.5874468878571912, 'metrics.test_Bx_MAE': 0.23741060495376587, 'metrics.test_MAE_norm': 0.4632684575568, 'metrics.test_Bz_MAE': 0.3086325228214264, 'metrics.test_Bz_MAEP': 0.0801311805844307, 'metrics.final_val_loss': nan}"
b24dbe3bb41f44da9d825f0a6b69f2cc,nested,"{'params.activation': 'leaky_ReLU', 'params.n_layers': '6', 'params.hidden_units': '366', 'params.batch_size': '192', 'params.learning rate': '0.00046330315061401744'}","{'metrics.lowest_val_loss': 0.5347673949436813, 'metrics.test_MAPE_norm': 0.07685439776388003, 'metrics.test_By_MAE': 0.22241279482841492, 'metrics.val_loss_RMSE': 0.5688111136230173, 'metrics.test_By_MAEP': 0.08451630920171738, 'metrics.train_loss_RMSE': 0.48856710530488767, 'metrics.test_Bx_MAEP': 0.08436409384012222, 'metrics.test_RMSE': 0.5419868711769218, 'metrics.test_Bx_MAE': 0.21215054392814636, 'metrics.test_MAE_norm': 0.4096950485551958, 'metrics.test_Bz_MAE': 0.2689916491508484, 'metrics.test_Bz_MAEP': 0.06994112581014633, 'metrics.final_val_loss': nan}"
96613898b24f45deba9ac38769ed81e8,nested,"{'params.activation': 'leaky_ReLU', 'params.n_layers': '6', 'params.hidden_units': '403', 'params.batch_size': '192', 'params.learning rate': '0.0008052206016768455'}","{'metrics.lowest_val_loss': 0.5996677637932285, 'metrics.test_MAPE_norm': 0.08678548890266487, 'metrics.test_By_MAE': 0.24987618625164032, 'metrics.val_loss_RMSE': 0.6117553414202908, 'metrics.test_By_MAEP': 0.09478726238012314, 'metrics.train_loss_RMSE': 0.5044356425806775, 'metrics.test_Bx_MAEP': 0.09545175731182098, 'metrics.test_RMSE': 0.6024483421311846, 'metrics.test_Bx_MAE': 0.23990027606487274, 'metrics.test_MAE_norm': 0.46316387820586885, 'metrics.test_Bz_MAE': 0.30534911155700684, 'metrics.test_Bz_MAEP': 0.07937417924404144, 'metrics.final_val_loss': nan}"
d642ab5b06824b22853e3b8060f58de2,nested,"{'params.activation': 'leaky_ReLU', 'params.n_layers': '6', 'params.hidden_units': '465', 'params.batch_size': '192', 'params.learning rate': '0.0009364294233628421'}","{'metrics.lowest_val_loss': 0.6224450119531093, 'metrics.test_MAPE_norm': 0.09342402943389878, 'metrics.test_By_MAE': 0.2568122446537018, 'metrics.val_loss_RMSE': 2.1856588265436363, 'metrics.test_By_MAEP': 0.097562275826931, 'metrics.train_loss_RMSE': 2.261491474138973, 'metrics.test_Bx_MAEP': 0.09958171099424362, 'metrics.test_RMSE': 0.6170709185664291, 'metrics.test_Bx_MAE': 0.24997739493846893, 'metrics.test_MAE_norm': 0.4983549261693474, 'metrics.test_Bz_MAE': 0.34444954991340637, 'metrics.test_Bz_MAEP': 0.08946068584918976, 'metrics.final_val_loss': nan}"
11aecbee234544c5951647c5e89b6981,nested,"{'params.activation': 'leaky_ReLU', 'params.n_layers': '6', 'params.hidden_units': '254', 'params.batch_size': '192', 'params.learning rate': '0.0006731476586591672'}","{'metrics.lowest_val_loss': 0.6227614628336917, 'metrics.test_MAPE_norm': 0.09495674309541853, 'metrics.test_By_MAE': 0.2635654807090759, 'metrics.val_loss_RMSE': 0.6691780439647627, 'metrics.test_By_MAEP': 0.10028934478759766, 'metrics.train_loss_RMSE': 0.745070944369654, 'metrics.test_Bx_MAEP': 0.10393247753381729, 'metrics.test_RMSE': 0.6227591905948254, 'metrics.test_Bx_MAE': 0.26086708903312683, 'metrics.test_MAE_norm': 0.5057509614409302, 'metrics.test_Bz_MAE': 0.34182754158973694, 'metrics.test_Bz_MAEP': 0.08897975832223892, 'metrics.final_val_loss': nan}"
b22156de1b1f4293a3003f6700b3fab0,nested,"{'params.activation': 'leaky_ReLU', 'params.n_layers': '6', 'params.hidden_units': '477', 'params.batch_size': '192', 'params.learning rate': '0.00041608040834874993'}","{'metrics.lowest_val_loss': 0.5660198987513069, 'metrics.test_MAPE_norm': 0.07848539160524341, 'metrics.test_By_MAE': 0.2152043879032135, 'metrics.val_loss_RMSE': 0.9357207698084901, 'metrics.test_By_MAEP': 0.08162959665060043, 'metrics.train_loss_RMSE': 0.7290172178741524, 'metrics.test_Bx_MAEP': 0.08697684854269028, 'metrics.test_RMSE': 0.5672888937567007, 'metrics.test_Bx_MAE': 0.21898366510868073, 'metrics.test_MAE_norm': 0.41931421357950716, 'metrics.test_Bz_MAE': 0.2836637496948242, 'metrics.test_Bz_MAEP': 0.07360302656888962, 'metrics.final_val_loss': nan}"
9f2081d322554dae8d6c883aae949085,nested,"{'params.activation': 'leaky_ReLU', 'params.n_layers': '6', 'params.hidden_units': '441', 'params.batch_size': '192', 'params.learning rate': '0.0005192316090531142'}","{'metrics.lowest_val_loss': 0.575176117010778, 'metrics.test_MAPE_norm': 0.08062177012078196, 'metrics.test_By_MAE': 0.2268557846546173, 'metrics.val_loss_RMSE': 0.6136016499857716, 'metrics.test_By_MAEP': 0.08619777858257294, 'metrics.train_loss_RMSE': 0.5404486448123119, 'metrics.test_Bx_MAEP': 0.08866015076637268, 'metrics.test_RMSE': 0.5622656105736098, 'metrics.test_Bx_MAE': 0.22321999073028564, 'metrics.test_MAE_norm': 0.43005196803765333, 'metrics.test_Bz_MAE': 0.287286639213562, 'metrics.test_Bz_MAEP': 0.07469827681779861, 'metrics.final_val_loss': nan}"
4a970202c6f44257846a734e830a0f15,nested,"{'params.activation': 'leaky_ReLU', 'params.n_layers': '6', 'params.hidden_units': '456', 'params.batch_size': '192', 'params.learning rate': '0.00047788814803397526'}","{'metrics.lowest_val_loss': 0.5725232957225016, 'metrics.test_MAPE_norm': 0.07918848681578533, 'metrics.test_By_MAE': 0.2186770737171173, 'metrics.val_loss_RMSE': 0.8266648686691611, 'metrics.test_By_MAEP': 0.0830945149064064, 'metrics.train_loss_RMSE': 0.46886810496940934, 'metrics.test_Bx_MAEP': 0.09117217361927032, 'metrics.test_RMSE': 0.5699283833667038, 'metrics.test_Bx_MAE': 0.22970940172672272, 'metrics.test_MAE_norm': 0.42299694787684106, 'metrics.test_Bz_MAE': 0.27783116698265076, 'metrics.test_Bz_MAEP': 0.0720757246017456, 'metrics.final_val_loss': nan}"
40db5a3456b44a669f4669cddf754c65,nested,"{'params.activation': 'leaky_ReLU', 'params.n_layers': '6', 'params.hidden_units': '421', 'params.batch_size': '192', 'params.learning rate': '0.0004988333043477027'}","{'metrics.lowest_val_loss': 0.569481282014374, 'metrics.test_MAPE_norm': 0.07994287654007082, 'metrics.test_By_MAE': 0.22877857089042664, 'metrics.val_loss_RMSE': 0.7453958456482938, 'metrics.test_By_MAEP': 0.08698573708534241, 'metrics.train_loss_RMSE': 0.45170854854774684, 'metrics.test_Bx_MAEP': 0.08724823594093323, 'metrics.test_RMSE': 0.5592128980518891, 'metrics.test_Bx_MAE': 0.21959389746189117, 'metrics.test_MAE_norm': 0.4266777756831629, 'metrics.test_Bz_MAE': 0.2837076187133789, 'metrics.test_Bz_MAEP': 0.0736704170703888, 'metrics.final_val_loss': nan}"
2c9866c8d1a949f4ba9316aa0619a843,nested,"{'params.activation': 'leaky_ReLU', 'params.n_layers': '6', 'params.hidden_units': '440', 'params.batch_size': '192', 'params.learning rate': '0.0004661802327612392'}","{'metrics.lowest_val_loss': 0.5465424753438753, 'metrics.test_MAPE_norm': 0.07619320933552955, 'metrics.test_By_MAE': 0.21044476330280304, 'metrics.val_loss_RMSE': 0.5465424753438753, 'metrics.test_By_MAEP': 0.07991375029087067, 'metrics.train_loss_RMSE': 0.38911048990043223, 'metrics.test_Bx_MAEP': 0.08606338500976562, 'metrics.test_RMSE': 0.528316558967407, 'metrics.test_Bx_MAE': 0.21631655097007751, 'metrics.test_MAE_norm': 0.4067009835363292, 'metrics.test_Bz_MAE': 0.27063849568367004, 'metrics.test_Bz_MAEP': 0.07027101516723633, 'metrics.final_val_loss': nan}"
4a0634cefd594cbfbf2c00886a9a844c,nested,"{'params.activation': 'leaky_ReLU', 'params.n_layers': '6', 'params.hidden_units': '404', 'params.batch_size': '192', 'params.learning rate': '0.0005987304926165579'}","{'metrics.lowest_val_loss': 0.5795795412577641, 'metrics.test_MAPE_norm': 0.08011760300011944, 'metrics.test_By_MAE': 0.22540880739688873, 'metrics.val_loss_RMSE': 0.9625566401484974, 'metrics.test_By_MAEP': 0.08553270995616913, 'metrics.train_loss_RMSE': 0.7072890688691742, 'metrics.test_Bx_MAEP': 0.08782332390546799, 'metrics.test_RMSE': 0.5674955047134934, 'metrics.test_Bx_MAE': 0.22087234258651733, 'metrics.test_MAE_norm': 0.42757970780777416, 'metrics.test_Bz_MAE': 0.28651657700538635, 'metrics.test_Bz_MAEP': 0.0745239108800888, 'metrics.final_val_loss': nan}"
1f393b5a771641c682d2a9db88cfecec,nested,"{'params.activation': 'leaky_ReLU', 'params.n_layers': '6', 'params.hidden_units': '471', 'params.batch_size': '128', 'params.learning rate': '0.00041971305098799014'}","{'metrics.lowest_val_loss': 0.5697049015404404, 'metrics.test_MAPE_norm': 0.08033038747082487, 'metrics.test_By_MAE': 0.2280065268278122, 'metrics.val_loss_RMSE': 0.6699354001961859, 'metrics.test_By_MAEP': 0.08695752918720245, 'metrics.train_loss_RMSE': 0.6373473989304859, 'metrics.test_Bx_MAEP': 0.08582887798547745, 'metrics.test_RMSE': 0.5743362413152877, 'metrics.test_Bx_MAE': 0.21545372903347015, 'metrics.test_MAE_norm': 0.4289965049216622, 'metrics.test_Bz_MAE': 0.2894223928451538, 'metrics.test_Bz_MAEP': 0.07539583742618561, 'metrics.final_val_loss': nan}"
6b75d1dee2054da4b029e3ad8413f8cc,nested,"{'params.activation': 'leaky_ReLU', 'params.n_layers': '6', 'params.hidden_units': '453', 'params.batch_size': '192', 'params.learning rate': '0.0005317953171434912'}","{'metrics.lowest_val_loss': 0.5565363063380178, 'metrics.test_MAPE_norm': 0.07884778977512456, 'metrics.test_By_MAE': 0.22225666046142578, 'metrics.val_loss_RMSE': 0.7183486246286623, 'metrics.test_By_MAEP': 0.08454704284667969, 'metrics.train_loss_RMSE': 0.40712027884031443, 'metrics.test_Bx_MAEP': 0.09122221171855927, 'metrics.test_RMSE': 0.5455525553512486, 'metrics.test_Bx_MAE': 0.22945964336395264, 'metrics.test_MAE_norm': 0.42039714785788557, 'metrics.test_Bz_MAE': 0.27126267552375793, 'metrics.test_Bz_MAEP': 0.07056451588869095, 'metrics.final_val_loss': nan}"
60e93f97c7764e65b3f0e60a87759fe3,nested,"{'params.activation': 'leaky_ReLU', 'params.n_layers': '6', 'params.hidden_units': '470', 'params.batch_size': '192', 'params.learning rate': '0.0005086555335524227'}","{'metrics.lowest_val_loss': 0.5690465735699657, 'metrics.test_MAPE_norm': 0.08040946523705833, 'metrics.test_By_MAE': 0.22112789750099182, 'metrics.val_loss_RMSE': 1.0547224344333597, 'metrics.test_By_MAEP': 0.08409768342971802, 'metrics.train_loss_RMSE': 0.7405045371102337, 'metrics.test_Bx_MAEP': 0.09283874183893204, 'metrics.test_RMSE': 0.5640476181625094, 'metrics.test_Bx_MAE': 0.23360753059387207, 'metrics.test_MAE_norm': 0.42909380536285235, 'metrics.test_Bz_MAE': 0.28183799982070923, 'metrics.test_Bz_MAEP': 0.07308078557252884, 'metrics.final_val_loss': nan}"
593caaf876464e27aff739e0a070897e,nested,"{'params.activation': 'leaky_ReLU', 'params.n_layers': '6', 'params.hidden_units': '471', 'params.batch_size': '192', 'params.learning rate': '0.0005134070617908891'}","{'metrics.lowest_val_loss': 0.5457096240024805, 'metrics.test_MAPE_norm': 0.07765047528224883, 'metrics.test_By_MAE': 0.22263763844966888, 'metrics.val_loss_RMSE': 0.5999503986854569, 'metrics.test_By_MAEP': 0.08459176868200302, 'metrics.train_loss_RMSE': 0.5007609603384542, 'metrics.test_Bx_MAEP': 0.08622391521930695, 'metrics.test_RMSE': 0.5458495756597233, 'metrics.test_Bx_MAE': 0.21666638553142548, 'metrics.test_MAE_norm': 0.4143924970421002, 'metrics.test_Bz_MAE': 0.2724778354167938, 'metrics.test_Bz_MAEP': 0.07073786854743958, 'metrics.final_val_loss': nan}"
ff53aadf756348209e86fddfe25b2027,nested,"{'params.activation': 'leaky_ReLU', 'params.n_layers': '6', 'params.hidden_units': '441', 'params.batch_size': '192', 'params.learning rate': '0.0004023437707745383'}","{'metrics.lowest_val_loss': 0.5532684077847904, 'metrics.test_MAPE_norm': 0.07790034130322847, 'metrics.test_By_MAE': 0.21689215302467346, 'metrics.val_loss_RMSE': 0.5546204771086043, 'metrics.test_By_MAEP': 0.08240557461977005, 'metrics.train_loss_RMSE': 0.39432833939854994, 'metrics.test_Bx_MAEP': 0.08561605215072632, 'metrics.test_RMSE': 0.5449855463100124, 'metrics.test_Bx_MAE': 0.21499885618686676, 'metrics.test_MAE_norm': 0.41547484728072187, 'metrics.test_Bz_MAE': 0.2798609733581543, 'metrics.test_Bz_MAEP': 0.0727488175034523, 'metrics.final_val_loss': nan}"
5975c65d869646e6b40bd162e0e101fe,nested,"{'params.activation': 'leaky_ReLU', 'params.n_layers': '6', 'params.hidden_units': '445', 'params.batch_size': '192', 'params.learning rate': '0.00041419780300431624'}","{'metrics.lowest_val_loss': 0.5369884831018252, 'metrics.test_MAPE_norm': 0.07589825127515004, 'metrics.test_By_MAE': 0.2092546969652176, 'metrics.val_loss_RMSE': 0.5503362657796839, 'metrics.test_By_MAEP': 0.07959221303462982, 'metrics.train_loss_RMSE': 0.5320583707856598, 'metrics.test_Bx_MAEP': 0.08258996158838272, 'metrics.test_RMSE': 0.5427982254951258, 'metrics.test_Bx_MAE': 0.20773419737815857, 'metrics.test_MAE_norm': 0.40477398531042413, 'metrics.test_Bz_MAE': 0.27542179822921753, 'metrics.test_Bz_MAEP': 0.07162812352180481, 'metrics.final_val_loss': nan}"
301a66924a6b44308e73e9246e66dbd0,nested,"{'params.activation': 'ReLU', 'params.n_layers': '6', 'params.hidden_units': '478', 'params.batch_size': '192', 'params.learning rate': '0.0004326768827579899'}","{'metrics.lowest_val_loss': 0.5472441712835262, 'metrics.test_MAPE_norm': 0.0783058896714406, 'metrics.test_By_MAE': 0.22450460493564606, 'metrics.val_loss_RMSE': 0.5556248094797449, 'metrics.test_By_MAEP': 0.08533845841884613, 'metrics.train_loss_RMSE': 0.640941170081468, 'metrics.test_Bx_MAEP': 0.08769037574529648, 'metrics.test_RMSE': 0.5418545343380022, 'metrics.test_Bx_MAE': 0.2206060290336609, 'metrics.test_MAE_norm': 0.4177077659171262, 'metrics.test_Bz_MAE': 0.27216583490371704, 'metrics.test_Bz_MAEP': 0.07070732861757278, 'metrics.final_val_loss': nan}"
017bd06948b64ca9a214eca2892e9c22,nested,"{'params.activation': 'leaky_ReLU', 'params.n_layers': '6', 'params.hidden_units': '439', 'params.batch_size': '192', 'params.learning rate': '0.0004420819748969562'}","{'metrics.lowest_val_loss': 0.5462647742527825, 'metrics.test_MAPE_norm': 0.07671080178601279, 'metrics.test_By_MAE': 0.21783645451068878, 'metrics.val_loss_RMSE': 0.5894868101268076, 'metrics.test_By_MAEP': 0.08269786834716797, 'metrics.train_loss_RMSE': 0.4464153470740128, 'metrics.test_Bx_MAEP': 0.0826953873038292, 'metrics.test_RMSE': 0.5430984560809783, 'metrics.test_Bx_MAE': 0.20771761238574982, 'metrics.test_MAE_norm': 0.4095069358674742, 'metrics.test_Bz_MAE': 0.2756248414516449, 'metrics.test_Bz_MAEP': 0.07148322463035583, 'metrics.final_val_loss': nan}"
302455f3c0324a5397762958195c2ab0,nested,"{'params.activation': 'leaky_ReLU', 'params.n_layers': '6', 'params.hidden_units': '456', 'params.batch_size': '192', 'params.learning rate': '0.00045272817121181285'}","{'metrics.lowest_val_loss': 0.5515536880375363, 'metrics.test_MAPE_norm': 0.07911803819935956, 'metrics.test_By_MAE': 0.22224050760269165, 'metrics.val_loss_RMSE': 0.736018389203376, 'metrics.test_By_MAEP': 0.0842909887433052, 'metrics.train_loss_RMSE': 0.4334255233189766, 'metrics.test_Bx_MAEP': 0.08688832074403763, 'metrics.test_RMSE': 0.5578603817492284, 'metrics.test_Bx_MAE': 0.2183985561132431, 'metrics.test_MAE_norm': 0.4219891493269008, 'metrics.test_Bz_MAE': 0.282722532749176, 'metrics.test_Bz_MAEP': 0.07351887226104736, 'metrics.final_val_loss': nan}"
d6fb53570cf347aa9369dcd7d726f572,nested,"{'params.activation': 'ReLU', 'params.n_layers': '6', 'params.hidden_units': '491', 'params.batch_size': '128', 'params.learning rate': '0.0004834465819528058'}","{'metrics.lowest_val_loss': 0.588569314442774, 'metrics.test_MAPE_norm': 0.08595668196535566, 'metrics.test_By_MAE': 0.23263883590698242, 'metrics.val_loss_RMSE': 1.2446897032471662, 'metrics.test_By_MAEP': 0.0888662040233612, 'metrics.train_loss_RMSE': 0.5523743680367937, 'metrics.test_Bx_MAEP': 0.09371719509363174, 'metrics.test_RMSE': 0.5865984286487516, 'metrics.test_Bx_MAE': 0.23491524159908295, 'metrics.test_MAE_norm': 0.45864869932238567, 'metrics.test_Bz_MAE': 0.31483185291290283, 'metrics.test_Bz_MAEP': 0.08202776312828064, 'metrics.final_val_loss': nan}"
feb9b081547d463d829b29ccdd08c2df,nested,"{'params.activation': 'ReLU', 'params.n_layers': '6', 'params.hidden_units': '468', 'params.batch_size': '192', 'params.learning rate': '0.00042024431531275373'}","{'metrics.lowest_val_loss': 0.5666966655242062, 'metrics.test_MAPE_norm': 0.08303422529062779, 'metrics.test_By_MAE': 0.25189927220344543, 'metrics.val_loss_RMSE': 0.9692631076196139, 'metrics.test_By_MAEP': 0.09593392163515091, 'metrics.train_loss_RMSE': 0.6624879841634915, 'metrics.test_Bx_MAEP': 0.08860328048467636, 'metrics.test_RMSE': 0.5652389595255597, 'metrics.test_Bx_MAE': 0.2228734940290451, 'metrics.test_MAE_norm': 0.44273787436725426, 'metrics.test_Bz_MAE': 0.28593939542770386, 'metrics.test_Bz_MAEP': 0.07432543486356735, 'metrics.final_val_loss': nan}"
fdaa119018264cd1be3dc4022c2fe1c7,nested,"{'params.activation': 'ReLU', 'params.n_layers': '6', 'params.hidden_units': '483', 'params.batch_size': '192', 'params.learning rate': '0.0004382714883129277'}","{'metrics.lowest_val_loss': 0.5579285605923561, 'metrics.test_MAPE_norm': 0.07912836486487079, 'metrics.test_By_MAE': 0.21966025233268738, 'metrics.val_loss_RMSE': 0.6790682314222546, 'metrics.test_By_MAEP': 0.08353976905345917, 'metrics.train_loss_RMSE': 0.5598085158830944, 'metrics.test_Bx_MAEP': 0.08894115686416626, 'metrics.test_RMSE': 0.5566515097082906, 'metrics.test_Bx_MAE': 0.22319647669792175, 'metrics.test_MAE_norm': 0.4222443547609041, 'metrics.test_Bz_MAE': 0.28141388297080994, 'metrics.test_Bz_MAEP': 0.0730220153927803, 'metrics.final_val_loss': nan}"
2baaf981e9734e51834e0ace68404b06,nested,"{'params.activation': 'ReLU', 'params.n_layers': '6', 'params.hidden_units': '463', 'params.batch_size': '128', 'params.learning rate': '0.0005487290545464791'}","{'metrics.lowest_val_loss': 0.5787059870171687, 'metrics.test_MAPE_norm': 0.08387844171820645, 'metrics.test_By_MAE': 0.24327297508716583, 'metrics.val_loss_RMSE': 0.7856834828369857, 'metrics.test_By_MAEP': 0.09272462874650955, 'metrics.train_loss_RMSE': 0.5683151867660438, 'metrics.test_Bx_MAEP': 0.09030550718307495, 'metrics.test_RMSE': 0.5827317810040501, 'metrics.test_Bx_MAE': 0.22618328034877777, 'metrics.test_MAE_norm': 0.4473352768774808, 'metrics.test_Bz_MAE': 0.2964514493942261, 'metrics.test_Bz_MAEP': 0.0774121880531311, 'metrics.final_val_loss': nan}"
8f666cc871b54cf3acaff62217962965,nested,"{'params.activation': 'ReLU', 'params.n_layers': '6', 'params.hidden_units': '485', 'params.batch_size': '192', 'params.learning rate': '0.0004270114890671984'}","{'metrics.lowest_val_loss': 0.5687865151910207, 'metrics.test_MAPE_norm': 0.08081640222732969, 'metrics.test_By_MAE': 0.21687756478786469, 'metrics.val_loss_RMSE': 0.7071950849287189, 'metrics.test_By_MAEP': 0.08249238133430481, 'metrics.train_loss_RMSE': 0.40937159437764764, 'metrics.test_Bx_MAEP': 0.08585338294506073, 'metrics.test_RMSE': 0.5612854202972974, 'metrics.test_Bx_MAE': 0.21576929092407227, 'metrics.test_MAE_norm': 0.4307665291021196, 'metrics.test_Bz_MAE': 0.3012259006500244, 'metrics.test_Bz_MAEP': 0.07843711227178574, 'metrics.final_val_loss': nan}"
b52bae8c6f234d29803141ae04532f87,nested,"{'params.activation': 'ReLU', 'params.n_layers': '6', 'params.hidden_units': '498', 'params.batch_size': '128', 'params.learning rate': '0.00040284732544202984'}","{'metrics.lowest_val_loss': 0.5877008106798838, 'metrics.test_MAPE_norm': 0.08599804872958854, 'metrics.test_By_MAE': 0.23959776759147644, 'metrics.val_loss_RMSE': 0.993758776570776, 'metrics.test_By_MAEP': 0.09152771532535553, 'metrics.train_loss_RMSE': 0.5146071396348549, 'metrics.test_Bx_MAEP': 0.09590327739715576, 'metrics.test_RMSE': 0.5942179997318002, 'metrics.test_Bx_MAE': 0.24025873839855194, 'metrics.test_MAE_norm': 0.4588684084597957, 'metrics.test_Bz_MAE': 0.3056352436542511, 'metrics.test_Bz_MAEP': 0.07969652116298676, 'metrics.final_val_loss': nan}"
796d64d97990496fa37fabf5a85ad125,nested,"{'params.activation': 'ReLU', 'params.n_layers': '6', 'params.hidden_units': '497', 'params.batch_size': '192', 'params.learning rate': '0.00044458832283102834'}","{'metrics.lowest_val_loss': 0.5450769705674259, 'metrics.test_MAPE_norm': 0.07856363947871778, 'metrics.test_By_MAE': 0.23228880763053894, 'metrics.val_loss_RMSE': 0.5715841270468691, 'metrics.test_By_MAEP': 0.0883292704820633, 'metrics.train_loss_RMSE': 0.4975368555389666, 'metrics.test_Bx_MAEP': 0.08446022868156433, 'metrics.test_RMSE': 0.5346503555636387, 'metrics.test_Bx_MAE': 0.21242937445640564, 'metrics.test_MAE_norm': 0.4189658486585823, 'metrics.test_Bz_MAE': 0.2747596800327301, 'metrics.test_Bz_MAEP': 0.07147656381130219, 'metrics.final_val_loss': nan}"
fef328ff4c9649a58cf962727d88f0ea,nested,"{'params.activation': 'ReLU', 'params.n_layers': '6', 'params.hidden_units': '488', 'params.batch_size': '192', 'params.learning rate': '0.0004457265322775519'}","{'metrics.lowest_val_loss': 0.5471242889519136, 'metrics.test_MAPE_norm': 0.07681651381279925, 'metrics.test_By_MAE': 0.21526917815208435, 'metrics.val_loss_RMSE': 0.6180109416666193, 'metrics.test_By_MAEP': 0.08173979818820953, 'metrics.train_loss_RMSE': 0.6510021227734196, 'metrics.test_Bx_MAEP': 0.08269741386175156, 'metrics.test_RMSE': 0.5459509631692838, 'metrics.test_Bx_MAE': 0.20811712741851807, 'metrics.test_MAE_norm': 0.4099712361105912, 'metrics.test_Bz_MAE': 0.2781262993812561, 'metrics.test_Bz_MAEP': 0.07227402180433273, 'metrics.final_val_loss': nan}"
c751baab708241e0b536c7b625684949,nested,"{'params.activation': 'ReLU', 'params.n_layers': '6', 'params.hidden_units': '476', 'params.batch_size': '192', 'params.learning rate': '0.0005293944527428971'}","{'metrics.lowest_val_loss': 0.5646822806908576, 'metrics.test_MAPE_norm': 0.0810021238682939, 'metrics.test_By_MAE': 0.23518536984920502, 'metrics.val_loss_RMSE': 0.7241192978575166, 'metrics.test_By_MAEP': 0.08939887583255768, 'metrics.train_loss_RMSE': 0.6170346627682797, 'metrics.test_Bx_MAEP': 0.0912630632519722, 'metrics.test_RMSE': 0.5719324816460878, 'metrics.test_Bx_MAE': 0.2294923961162567, 'metrics.test_MAE_norm': 0.4322636341877121, 'metrics.test_Bz_MAE': 0.27887600660324097, 'metrics.test_Bz_MAEP': 0.07244231551885605, 'metrics.final_val_loss': nan}"
b2b09f83cdeb485a9034b6aa853d0fe1,nested,"{'params.activation': 'ReLU', 'params.n_layers': '6', 'params.hidden_units': '448', 'params.batch_size': '192', 'params.learning rate': '0.000486910255209423'}","{'metrics.lowest_val_loss': 0.5653184019823709, 'metrics.test_MAPE_norm': 0.08230594424999875, 'metrics.test_By_MAE': 0.23832128942012787, 'metrics.val_loss_RMSE': 0.6294226484585033, 'metrics.test_By_MAEP': 0.09051096439361572, 'metrics.train_loss_RMSE': 0.435877742395383, 'metrics.test_Bx_MAEP': 0.08944690227508545, 'metrics.test_RMSE': 0.5743526034732673, 'metrics.test_Bx_MAE': 0.22494447231292725, 'metrics.test_MAE_norm': 0.4388669358311797, 'metrics.test_Bz_MAE': 0.28974178433418274, 'metrics.test_Bz_MAEP': 0.07541832327842712, 'metrics.final_val_loss': nan}"
16413fae005e49a99b98d2679d5bc792,nested,"{'params.activation': 'ReLU', 'params.n_layers': '6', 'params.hidden_units': '464', 'params.batch_size': '192', 'params.learning rate': '0.0004952236058961266'}","{'metrics.lowest_val_loss': 0.5427108314758371, 'metrics.test_MAPE_norm': 0.07780499611612704, 'metrics.test_By_MAE': 0.2128051072359085, 'metrics.val_loss_RMSE': 0.576907762945416, 'metrics.test_By_MAEP': 0.08093351125717163, 'metrics.train_loss_RMSE': 0.4357347956671646, 'metrics.test_Bx_MAEP': 0.08866135776042938, 'metrics.test_RMSE': 0.5381694589369922, 'metrics.test_Bx_MAE': 0.2231513410806656, 'metrics.test_MAE_norm': 0.4154146137855036, 'metrics.test_Bz_MAE': 0.2765708267688751, 'metrics.test_Bz_MAEP': 0.0717478021979332, 'metrics.final_val_loss': nan}"
8e6bda5471404a86b92633ad54e45ef1,nested,"{'params.activation': 'ReLU', 'params.n_layers': '6', 'params.hidden_units': '428', 'params.batch_size': '192', 'params.learning rate': '0.0004566823797793402'}","{'metrics.lowest_val_loss': 0.5622262103743131, 'metrics.test_MAPE_norm': 0.07823849458703035, 'metrics.test_By_MAE': 0.22149428725242615, 'metrics.val_loss_RMSE': 0.6255026833468053, 'metrics.test_By_MAEP': 0.08419544994831085, 'metrics.train_loss_RMSE': 0.5746353136235784, 'metrics.test_Bx_MAEP': 0.08508235216140747, 'metrics.test_RMSE': 0.5566792757423467, 'metrics.test_Bx_MAE': 0.2138938158750534, 'metrics.test_MAE_norm': 0.41742749801642604, 'metrics.test_Bz_MAE': 0.2801143229007721, 'metrics.test_Bz_MAEP': 0.07282302528619766, 'metrics.final_val_loss': nan}"
5e3915a06b194e33b7260a362ef8b9fe,nested,"{'params.activation': 'leaky_ReLU', 'params.n_layers': '6', 'params.hidden_units': '431', 'params.batch_size': '192', 'params.learning rate': '0.00045171974775336997'}","{'metrics.lowest_val_loss': 0.5481854175889989, 'metrics.test_MAPE_norm': 0.07715200439845915, 'metrics.test_By_MAE': 0.21645590662956238, 'metrics.val_loss_RMSE': 0.9925338017823109, 'metrics.test_By_MAEP': 0.0822153091430664, 'metrics.train_loss_RMSE': 0.8179318150480022, 'metrics.test_Bx_MAEP': 0.08325079083442688, 'metrics.test_RMSE': 0.5496851203450969, 'metrics.test_Bx_MAE': 0.20904481410980225, 'metrics.test_MAE_norm': 0.41181861732503494, 'metrics.test_Bz_MAE': 0.2792099118232727, 'metrics.test_Bz_MAEP': 0.07240524888038635, 'metrics.final_val_loss': nan}"
ff3e520da1b04cf4a295e3e22b2a8d08,nested,"{'params.activation': 'ReLU', 'params.n_layers': '6', 'params.hidden_units': '461', 'params.batch_size': '192', 'params.learning rate': '0.00044108058977356294'}","{'metrics.lowest_val_loss': 0.5773053365553072, 'metrics.test_MAPE_norm': 0.0825166755871807, 'metrics.test_By_MAE': 0.22869029641151428, 'metrics.val_loss_RMSE': 0.921341704681827, 'metrics.test_By_MAEP': 0.0868377536535263, 'metrics.train_loss_RMSE': 0.5880517422783148, 'metrics.test_Bx_MAEP': 0.09278163313865662, 'metrics.test_RMSE': 0.5699014926129148, 'metrics.test_Bx_MAE': 0.233102485537529, 'metrics.test_MAE_norm': 0.44024748381950873, 'metrics.test_Bz_MAE': 0.29334813356399536, 'metrics.test_Bz_MAEP': 0.07620154321193695, 'metrics.final_val_loss': nan}"
17ea2c9bb9eb47f99c0ead327dde85da,nested,"{'params.activation': 'ReLU', 'params.n_layers': '6', 'params.hidden_units': '428', 'params.batch_size': '192', 'params.learning rate': '0.00044197696811822546'}","{'metrics.lowest_val_loss': 0.5448826208587896, 'metrics.test_MAPE_norm': 0.07875319280855947, 'metrics.test_By_MAE': 0.21855801343917847, 'metrics.val_loss_RMSE': 0.6053268054014179, 'metrics.test_By_MAEP': 0.08293379843235016, 'metrics.train_loss_RMSE': 0.44763648312248483, 'metrics.test_Bx_MAEP': 0.08816252648830414, 'metrics.test_RMSE': 0.547496592454296, 'metrics.test_Bx_MAE': 0.22148893773555756, 'metrics.test_MAE_norm': 0.41997030141542285, 'metrics.test_Bz_MAE': 0.28004565834999084, 'metrics.test_Bz_MAEP': 0.07281447947025299, 'metrics.final_val_loss': nan}"
7f025f1304274ebd9507bff569b24254,nested,"{'params.activation': 'ReLU', 'params.n_layers': '6', 'params.hidden_units': '500', 'params.batch_size': '192', 'params.learning rate': '0.0004028977017677852'}","{'metrics.lowest_val_loss': 0.568826261353775, 'metrics.test_MAPE_norm': 0.07891539393140258, 'metrics.test_By_MAE': 0.2239355742931366, 'metrics.val_loss_RMSE': 0.6601418977676429, 'metrics.test_By_MAEP': 0.08512017875909805, 'metrics.train_loss_RMSE': 0.5341565194233797, 'metrics.test_Bx_MAEP': 0.08574797958135605, 'metrics.test_RMSE': 0.5574159990643996, 'metrics.test_Bx_MAE': 0.21577277779579163, 'metrics.test_MAE_norm': 0.42111873283660667, 'metrics.test_Bz_MAE': 0.2818908095359802, 'metrics.test_Bz_MAEP': 0.07322587817907333, 'metrics.final_val_loss': nan}"
40a36da05a7448d3a06441c79f3f7072,nested,"{'params.activation': 'ReLU', 'params.n_layers': '6', 'params.hidden_units': '427', 'params.batch_size': '192', 'params.learning rate': '0.0004850576249152972'}","{'metrics.lowest_val_loss': 0.553089582426544, 'metrics.test_MAPE_norm': 0.07934735511704315, 'metrics.test_By_MAE': 0.21928776800632477, 'metrics.val_loss_RMSE': 0.6299037341957542, 'metrics.test_By_MAEP': 0.08331555873155594, 'metrics.train_loss_RMSE': 0.5882384725203745, 'metrics.test_Bx_MAEP': 0.08548472076654434, 'metrics.test_RMSE': 0.5497303294365191, 'metrics.test_Bx_MAE': 0.21516725420951843, 'metrics.test_MAE_norm': 0.42359412981451844, 'metrics.test_Bz_MAE': 0.28989148139953613, 'metrics.test_Bz_MAEP': 0.07518692314624786, 'metrics.final_val_loss': nan}"
7874c7b246624cf3b35a627a56e0be8d,nested,"{'params.activation': 'ReLU', 'params.n_layers': '6', 'params.hidden_units': '395', 'params.batch_size': '192', 'params.learning rate': '0.00069591639946057'}","{'metrics.lowest_val_loss': 0.5829148483355073, 'metrics.test_MAPE_norm': 0.08753293993876135, 'metrics.test_By_MAE': 0.2470797598361969, 'metrics.val_loss_RMSE': 0.6584236986243042, 'metrics.test_By_MAEP': 0.09396648406982422, 'metrics.train_loss_RMSE': 0.5921965541396971, 'metrics.test_Bx_MAEP': 0.09297269582748413, 'metrics.test_RMSE': 0.5923582920109888, 'metrics.test_Bx_MAE': 0.23390354216098785, 'metrics.test_MAE_norm': 0.4671933783901681, 'metrics.test_Bz_MAE': 0.3183905780315399, 'metrics.test_Bz_MAEP': 0.08262719213962555, 'metrics.final_val_loss': nan}"
c5175c796727477f813f01837cc54787,nested,"{'params.activation': 'ReLU', 'params.n_layers': '6', 'params.hidden_units': '433', 'params.batch_size': '192', 'params.learning rate': '0.0005715916396940479'}","{'metrics.lowest_val_loss': 0.5894662959273547, 'metrics.test_MAPE_norm': 0.08216158831291062, 'metrics.test_By_MAE': 0.23120823502540588, 'metrics.val_loss_RMSE': 0.8523062213745989, 'metrics.test_By_MAEP': 0.08787380903959274, 'metrics.train_loss_RMSE': 0.8209730032107952, 'metrics.test_Bx_MAEP': 0.0924825668334961, 'metrics.test_RMSE': 0.5696125372345506, 'metrics.test_Bx_MAE': 0.23221613466739655, 'metrics.test_MAE_norm': 0.4386323122240657, 'metrics.test_Bz_MAE': 0.28956490755081177, 'metrics.test_Bz_MAEP': 0.07507757097482681, 'metrics.final_val_loss': nan}"
d5ff68a8cede4bd395846a607552273d,nested,"{'params.activation': 'ReLU', 'params.n_layers': '6', 'params.hidden_units': '383', 'params.batch_size': '192', 'params.learning rate': '0.0005718406585417647'}","{'metrics.lowest_val_loss': 0.586986529098183, 'metrics.test_MAPE_norm': 0.0835500167642566, 'metrics.test_By_MAE': 0.2342650592327118, 'metrics.val_loss_RMSE': 0.6272677742785946, 'metrics.test_By_MAEP': 0.08914200216531754, 'metrics.train_loss_RMSE': 0.428538549766795, 'metrics.test_Bx_MAEP': 0.09342694282531738, 'metrics.test_RMSE': 0.5822959169856189, 'metrics.test_Bx_MAE': 0.23495277762413025, 'metrics.test_MAE_norm': 0.44564434242763107, 'metrics.test_Bz_MAE': 0.2954874038696289, 'metrics.test_Bz_MAEP': 0.07677038013935089, 'metrics.final_val_loss': nan}"
a9a9e7034c1146aaa8823b133d24ebd5,nested,"{'params.activation': 'leaky_ReLU', 'params.n_layers': '6', 'params.hidden_units': '389', 'params.batch_size': '192', 'params.learning rate': '0.0004669543126012709'}","{'metrics.lowest_val_loss': 0.5720263907505413, 'metrics.test_MAPE_norm': 0.0835205179324253, 'metrics.test_By_MAE': 0.2219470888376236, 'metrics.val_loss_RMSE': 0.5731372937198431, 'metrics.test_By_MAEP': 0.08445393294095993, 'metrics.train_loss_RMSE': 0.5531817601548873, 'metrics.test_Bx_MAEP': 0.09196749329566956, 'metrics.test_RMSE': 0.5727828429575382, 'metrics.test_Bx_MAE': 0.23079641163349152, 'metrics.test_MAE_norm': 0.4448957758412944, 'metrics.test_Bz_MAE': 0.30705466866493225, 'metrics.test_Bz_MAEP': 0.07987496256828308, 'metrics.final_val_loss': nan}"
0a4ca1f996764b08baa9961e1d86f95f,nested,"{'params.activation': 'leaky_ReLU', 'params.n_layers': '6', 'params.hidden_units': '329', 'params.batch_size': '192', 'params.learning rate': '0.0004677165851074232'}","{'metrics.lowest_val_loss': 0.5738086687590095, 'metrics.test_MAPE_norm': 0.08312326187281299, 'metrics.test_By_MAE': 0.2406023144721985, 'metrics.val_loss_RMSE': 0.603495137001495, 'metrics.test_By_MAEP': 0.09139703214168549, 'metrics.train_loss_RMSE': 0.6180224872571987, 'metrics.test_Bx_MAEP': 0.09011457860469818, 'metrics.test_RMSE': 0.5648271217564438, 'metrics.test_Bx_MAE': 0.22641205787658691, 'metrics.test_MAE_norm': 0.4435606881868925, 'metrics.test_Bz_MAE': 0.29403337836265564, 'metrics.test_Bz_MAEP': 0.07633759826421738, 'metrics.final_val_loss': nan}"
408a8264b72d47bd8e63731c20f28eb7,nested,"{'params.activation': 'ReLU', 'params.n_layers': '6', 'params.hidden_units': '387', 'params.batch_size': '192', 'params.learning rate': '0.0005673123900030263'}","{'metrics.lowest_val_loss': 0.5607483420174364, 'metrics.test_MAPE_norm': 0.08074990820756062, 'metrics.test_By_MAE': 0.23300404846668243, 'metrics.val_loss_RMSE': 0.7799892490233075, 'metrics.test_By_MAEP': 0.0885431319475174, 'metrics.train_loss_RMSE': 0.4885567655679181, 'metrics.test_Bx_MAEP': 0.08892843127250671, 'metrics.test_RMSE': 0.5587406098293982, 'metrics.test_Bx_MAE': 0.22355510294437408, 'metrics.test_MAE_norm': 0.4308156673427966, 'metrics.test_Bz_MAE': 0.28315502405166626, 'metrics.test_Bz_MAEP': 0.07358952611684799, 'metrics.final_val_loss': nan}"
899bcc55d3894aeaadd43d57a83c10d8,nested,"{'params.activation': 'leaky_ReLU', 'params.n_layers': '6', 'params.hidden_units': '444', 'params.batch_size': '192', 'params.learning rate': '0.0007017000899303606'}","{'metrics.lowest_val_loss': 0.5879382055104719, 'metrics.test_MAPE_norm': 0.08518966850188138, 'metrics.test_By_MAE': 0.22860360145568848, 'metrics.val_loss_RMSE': 0.6990595712141774, 'metrics.test_By_MAEP': 0.08695440739393234, 'metrics.train_loss_RMSE': 0.43260891582906924, 'metrics.test_Bx_MAEP': 0.09553223103284836, 'metrics.test_RMSE': 0.5890556242033612, 'metrics.test_Bx_MAE': 0.24017085134983063, 'metrics.test_MAE_norm': 0.4541412894245532, 'metrics.test_Bz_MAE': 0.3086702525615692, 'metrics.test_Bz_MAEP': 0.08024285733699799, 'metrics.final_val_loss': nan}"
b3f5c0d3c9a943759d8d675d861bbb11,nested,"{'params.activation': 'ReLU', 'params.n_layers': '6', 'params.hidden_units': '304', 'params.batch_size': '192', 'params.learning rate': '0.00046699175897388026'}","{'metrics.lowest_val_loss': 0.5959114585911695, 'metrics.test_MAPE_norm': 0.08533250985385703, 'metrics.test_By_MAE': 0.25043848156929016, 'metrics.val_loss_RMSE': 0.9582950516869434, 'metrics.test_By_MAEP': 0.09522154182195663, 'metrics.train_loss_RMSE': 0.5723297021584418, 'metrics.test_Bx_MAEP': 0.09452073276042938, 'metrics.test_RMSE': 0.5904223035870221, 'metrics.test_Bx_MAE': 0.2378229945898056, 'metrics.test_MAE_norm': 0.4554665405973256, 'metrics.test_Bz_MAE': 0.29462382197380066, 'metrics.test_Bz_MAEP': 0.07656139135360718, 'metrics.final_val_loss': nan}"
c1e7036a244c4083b3c8cd21263679ff,nested,"{'params.activation': 'ReLU', 'params.n_layers': '6', 'params.hidden_units': '410', 'params.batch_size': '192', 'params.learning rate': '0.0006150304326887659'}","{'metrics.lowest_val_loss': 0.5813460998385727, 'metrics.test_MAPE_norm': 0.08549407671252601, 'metrics.test_By_MAE': 0.24438557028770447, 'metrics.val_loss_RMSE': 0.6601170660312489, 'metrics.test_By_MAEP': 0.09308227151632309, 'metrics.train_loss_RMSE': 0.7311139678978614, 'metrics.test_Bx_MAEP': 0.09454569220542908, 'metrics.test_RMSE': 0.5762015106818285, 'metrics.test_Bx_MAE': 0.23786775767803192, 'metrics.test_MAE_norm': 0.45572641641973594, 'metrics.test_Bz_MAE': 0.3003520667552948, 'metrics.test_Bz_MAEP': 0.07804474979639053, 'metrics.final_val_loss': nan}"
53a7ef1f121e401cbbbaf4d3f53992b8,nested,"{'params.activation': 'leaky_ReLU', 'params.n_layers': '6', 'params.hidden_units': '416', 'params.batch_size': '192', 'params.learning rate': '0.0006313997359630561'}","{'metrics.lowest_val_loss': 0.5737187366957491, 'metrics.test_MAPE_norm': 0.08222249021633066, 'metrics.test_By_MAE': 0.2384001463651657, 'metrics.val_loss_RMSE': 0.926702672265669, 'metrics.test_By_MAEP': 0.09057549387216568, 'metrics.train_loss_RMSE': 0.4985720340217471, 'metrics.test_Bx_MAEP': 0.09351041167974472, 'metrics.test_RMSE': 0.5684063926483713, 'metrics.test_Bx_MAE': 0.23556900024414062, 'metrics.test_MAE_norm': 0.4387776549342725, 'metrics.test_Bz_MAE': 0.28098541498184204, 'metrics.test_Bz_MAEP': 0.07307422161102295, 'metrics.final_val_loss': nan}"
776196913e6942e08f7085a0c1f15360,nested,"{'params.activation': 'ReLU', 'params.n_layers': '6', 'params.hidden_units': '408', 'params.batch_size': '192', 'params.learning rate': '0.000506015606368474'}","{'metrics.lowest_val_loss': 0.5658395838193977, 'metrics.test_MAPE_norm': 0.08125414803838558, 'metrics.test_By_MAE': 0.22883915901184082, 'metrics.val_loss_RMSE': 0.5658395838193977, 'metrics.test_By_MAEP': 0.08695386350154877, 'metrics.train_loss_RMSE': 0.529102637544709, 'metrics.test_Bx_MAEP': 0.09138122946023941, 'metrics.test_RMSE': 0.5585509785379146, 'metrics.test_Bx_MAE': 0.22962655127048492, 'metrics.test_MAE_norm': 0.43321559647862, 'metrics.test_Bz_MAE': 0.28492143750190735, 'metrics.test_Bz_MAEP': 0.07398863136768341, 'metrics.final_val_loss': nan}"
c66934c4bcdb4126af8d078cb6ade8da,nested,"{'params.activation': 'ReLU', 'params.n_layers': '6', 'params.hidden_units': '417', 'params.batch_size': '192', 'params.learning rate': '0.0004941351667850847'}","{'metrics.lowest_val_loss': 0.5564743860013337, 'metrics.test_MAPE_norm': 0.07877387894357708, 'metrics.test_By_MAE': 0.220696359872818, 'metrics.val_loss_RMSE': 0.8377096854841383, 'metrics.test_By_MAEP': 0.08377489447593689, 'metrics.train_loss_RMSE': 0.5157949190278243, 'metrics.test_Bx_MAEP': 0.08701742440462112, 'metrics.test_RMSE': 0.5389908035533918, 'metrics.test_Bx_MAE': 0.21854782104492188, 'metrics.test_MAE_norm': 0.4199738798381613, 'metrics.test_Bz_MAE': 0.28074002265930176, 'metrics.test_Bz_MAEP': 0.07307945936918259, 'metrics.final_val_loss': nan}"
faaf79d1a8fe45c8a146f3632ab01da0,nested,"{'params.activation': 'ReLU', 'params.n_layers': '6', 'params.hidden_units': '295', 'params.batch_size': '192', 'params.learning rate': '0.0005146606928782214'}","{'metrics.lowest_val_loss': 0.6191153010967785, 'metrics.test_MAPE_norm': 0.09046973207657286, 'metrics.test_By_MAE': 0.24648606777191162, 'metrics.val_loss_RMSE': 0.6542196415915503, 'metrics.test_By_MAEP': 0.0936703011393547, 'metrics.train_loss_RMSE': 0.574531391102115, 'metrics.test_Bx_MAEP': 0.10197106003761292, 'metrics.test_RMSE': 0.597497003424401, 'metrics.test_Bx_MAE': 0.25605297088623047, 'metrics.test_MAE_norm': 0.4825672129932925, 'metrics.test_Bz_MAE': 0.3243195116519928, 'metrics.test_Bz_MAEP': 0.08436569571495056, 'metrics.final_val_loss': nan}"
fb70370fe5d1488aadaecca192da3775,nested,"{'params.activation': 'ReLU', 'params.n_layers': '6', 'params.hidden_units': '265', 'params.batch_size': '192', 'params.learning rate': '0.0005371096372108683'}","{'metrics.lowest_val_loss': 0.6114307782569455, 'metrics.test_MAPE_norm': 0.09006467241820672, 'metrics.test_By_MAE': 0.251803994178772, 'metrics.val_loss_RMSE': 0.7730947427952229, 'metrics.test_By_MAEP': 0.09568417817354202, 'metrics.train_loss_RMSE': 0.7089339674839027, 'metrics.test_Bx_MAEP': 0.09984744340181351, 'metrics.test_RMSE': 0.6085059130284919, 'metrics.test_Bx_MAE': 0.2515113353729248, 'metrics.test_MAE_norm': 0.4806259913410214, 'metrics.test_Bz_MAE': 0.32069072127342224, 'metrics.test_Bz_MAEP': 0.08347389101982117, 'metrics.final_val_loss': nan}"
4c4c969e0cbd4b3397928670032922ef,nested,"{'params.activation': 'leaky_ReLU', 'params.n_layers': '6', 'params.hidden_units': '375', 'params.batch_size': '192', 'params.learning rate': '0.0004334891794810788'}","{'metrics.lowest_val_loss': 0.5549551266274421, 'metrics.test_MAPE_norm': 0.07949466732658929, 'metrics.test_By_MAE': 0.22160659730434418, 'metrics.val_loss_RMSE': 0.6508829098581898, 'metrics.test_By_MAEP': 0.08419451117515564, 'metrics.train_loss_RMSE': 0.45986511459786356, 'metrics.test_Bx_MAEP': 0.0864921510219574, 'metrics.test_RMSE': 0.5530752711999004, 'metrics.test_Bx_MAE': 0.21795417368412018, 'metrics.test_MAE_norm': 0.4243372768806897, 'metrics.test_Bz_MAE': 0.2872948944568634, 'metrics.test_Bz_MAEP': 0.07462555170059204, 'metrics.final_val_loss': nan}"
41ebec8010bc4658b269f9851858bfe4,nested,"{'params.activation': 'leaky_ReLU', 'params.n_layers': '6', 'params.hidden_units': '356', 'params.batch_size': '128', 'params.learning rate': '0.00041351727887851714'}","{'metrics.lowest_val_loss': 0.577689588776757, 'metrics.test_MAPE_norm': 0.08408330366657112, 'metrics.test_By_MAE': 0.23430687189102173, 'metrics.val_loss_RMSE': 0.6473570199030289, 'metrics.test_By_MAEP': 0.0894879475235939, 'metrics.train_loss_RMSE': 0.716592219458187, 'metrics.test_Bx_MAEP': 0.09048714488744736, 'metrics.test_RMSE': 0.5817683437278004, 'metrics.test_Bx_MAE': 0.22671377658843994, 'metrics.test_MAE_norm': 0.44847941812145653, 'metrics.test_Bz_MAE': 0.3054027557373047, 'metrics.test_Bz_MAEP': 0.07969406247138977, 'metrics.final_val_loss': nan}"
de3cf043f8054a5894e6d0c21016ba27,nested,"{'params.activation': 'leaky_ReLU', 'params.n_layers': '6', 'params.hidden_units': '450', 'params.batch_size': '192', 'params.learning rate': '0.0007779491671178467'}","{'metrics.lowest_val_loss': 0.6187333762014695, 'metrics.test_MAPE_norm': 0.08983480715923173, 'metrics.test_By_MAE': 0.2505784034729004, 'metrics.val_loss_RMSE': 0.6645318683979149, 'metrics.test_By_MAEP': 0.09531864523887634, 'metrics.train_loss_RMSE': 0.49870244170044814, 'metrics.test_Bx_MAEP': 0.10101819783449173, 'metrics.test_RMSE': 0.6213566978746086, 'metrics.test_Bx_MAE': 0.2539219260215759, 'metrics.test_MAE_norm': 0.47944020045747004, 'metrics.test_Bz_MAE': 0.31811216473579407, 'metrics.test_Bz_MAEP': 0.08263256400823593, 'metrics.final_val_loss': nan}"
79d5b213f77a41a7ace4964733803396,nested,"{'params.activation': 'leaky_ReLU', 'params.n_layers': '6', 'params.hidden_units': '352', 'params.batch_size': '128', 'params.learning rate': '0.0009354805168951665'}","{'metrics.lowest_val_loss': 0.6483587650589857, 'metrics.test_MAPE_norm': 0.09771684157933914, 'metrics.test_By_MAE': 0.2795824408531189, 'metrics.val_loss_RMSE': 0.6483587650589857, 'metrics.test_By_MAEP': 0.10699867457151413, 'metrics.train_loss_RMSE': 0.7583656336308459, 'metrics.test_Bx_MAEP': 0.10920257121324539, 'metrics.test_RMSE': 0.6382699547988945, 'metrics.test_Bx_MAE': 0.2732201814651489, 'metrics.test_MAE_norm': 0.5203722681155045, 'metrics.test_Bz_MAE': 0.3401573598384857, 'metrics.test_Bz_MAEP': 0.08876253664493561, 'metrics.final_val_loss': nan}"
457ba65228394e6e98f535f9cff8cfb2,nested,"{'params.activation': 'leaky_ReLU', 'params.n_layers': '6', 'params.hidden_units': '368', 'params.batch_size': '128', 'params.learning rate': '0.00042301450562056846'}","{'metrics.lowest_val_loss': 0.5892228895231996, 'metrics.test_MAPE_norm': 0.08317428035884383, 'metrics.test_By_MAE': 0.23242859542369843, 'metrics.val_loss_RMSE': 0.8117467862888846, 'metrics.test_By_MAEP': 0.08872438967227936, 'metrics.train_loss_RMSE': 0.6073333652776262, 'metrics.test_Bx_MAEP': 0.09101279079914093, 'metrics.test_RMSE': 0.5882236716633868, 'metrics.test_Bx_MAE': 0.22829890251159668, 'metrics.test_MAE_norm': 0.44367931861626475, 'metrics.test_Bz_MAE': 0.29803693294525146, 'metrics.test_Bz_MAEP': 0.07777572423219681, 'metrics.final_val_loss': nan}"
0218336e91b844a7919a0fad4858c3ed,nested,"{'params.activation': 'leaky_ReLU', 'params.n_layers': '6', 'params.hidden_units': '469', 'params.batch_size': '128', 'params.learning rate': '0.0008695586702660807'}","{'metrics.lowest_val_loss': 0.6572907131871975, 'metrics.test_MAPE_norm': 0.10525755684056351, 'metrics.test_By_MAE': 0.3014813959598541, 'metrics.val_loss_RMSE': 3.879238092438016, 'metrics.test_By_MAEP': 0.11534448713064194, 'metrics.train_loss_RMSE': 4.056596679801991, 'metrics.test_Bx_MAEP': 0.11649689078330994, 'metrics.test_RMSE': 0.6594416191061236, 'metrics.test_Bx_MAE': 0.2912520468235016, 'metrics.test_MAE_norm': 0.5603165154536945, 'metrics.test_Bz_MAE': 0.3684501647949219, 'metrics.test_Bz_MAEP': 0.0962902083992958, 'metrics.final_val_loss': nan}"
7bf01b6495e546d0bc5eec5a4b1a31af,nested,"{'params.activation': 'ReLU', 'params.n_layers': '6', 'params.hidden_units': '351', 'params.batch_size': '128', 'params.learning rate': '0.0009942340396395825'}","{'metrics.lowest_val_loss': 0.6487679429237525, 'metrics.test_MAPE_norm': 0.10185068781581222, 'metrics.test_By_MAE': 0.2950056493282318, 'metrics.val_loss_RMSE': 0.6487679429237525, 'metrics.test_By_MAEP': 0.11273184418678284, 'metrics.train_loss_RMSE': 0.6229750971451288, 'metrics.test_Bx_MAEP': 0.11370696127414703, 'metrics.test_RMSE': 0.650151064953759, 'metrics.test_Bx_MAE': 0.2848396301269531, 'metrics.test_MAE_norm': 0.542241630229083, 'metrics.test_Bz_MAE': 0.35150814056396484, 'metrics.test_Bz_MAEP': 0.09201376140117645, 'metrics.final_val_loss': nan}"
cf9c5fe963a448dfbe9b2988af9ecaa5,nested,"{'params.activation': 'leaky_ReLU', 'params.n_layers': '6', 'params.hidden_units': '485', 'params.batch_size': '192', 'params.learning rate': '0.0008400890260187541'}","{'metrics.lowest_val_loss': 0.6310919429907451, 'metrics.test_MAPE_norm': 0.09271419134071406, 'metrics.test_By_MAE': 0.25391101837158203, 'metrics.val_loss_RMSE': 0.8094940829753521, 'metrics.test_By_MAEP': 0.09651364386081696, 'metrics.train_loss_RMSE': 0.820458027903306, 'metrics.test_Bx_MAEP': 0.11221938580274582, 'metrics.test_RMSE': 0.6195213957778787, 'metrics.test_Bx_MAE': 0.28221455216407776, 'metrics.test_MAE_norm': 0.49428258632584443, 'metrics.test_Bz_MAE': 0.31462362408638, 'metrics.test_Bz_MAEP': 0.08189912885427475, 'metrics.final_val_loss': nan}"
4f75acfe3ba54c74a29d7ea1f977057a,nested,"{'params.activation': 'ReLU', 'params.n_layers': '6', 'params.hidden_units': '344', 'params.batch_size': '128', 'params.learning rate': '0.00042964412472616963'}","{'metrics.lowest_val_loss': 0.5695946534574008, 'metrics.test_MAPE_norm': 0.08309622818345659, 'metrics.test_By_MAE': 0.23684455454349518, 'metrics.val_loss_RMSE': 0.7455907500402145, 'metrics.test_By_MAEP': 0.09055768698453903, 'metrics.train_loss_RMSE': 0.47003480032097505, 'metrics.test_Bx_MAEP': 0.08967006206512451, 'metrics.test_RMSE': 0.5629811120233642, 'metrics.test_Bx_MAE': 0.22444908320903778, 'metrics.test_MAE_norm': 0.44278842567256765, 'metrics.test_Bz_MAE': 0.296515554189682, 'metrics.test_Bz_MAEP': 0.07745873183012009, 'metrics.final_val_loss': nan}"
86731d592fe946d1b1fa129b3db34577,nested,"{'params.activation': 'ReLU', 'params.n_layers': '6', 'params.hidden_units': '361', 'params.batch_size': '128', 'params.learning rate': '0.0008270763472549962'}","{'metrics.lowest_val_loss': 0.6555121900642074, 'metrics.test_MAPE_norm': 0.10241951764913267, 'metrics.test_By_MAE': 0.2896336615085602, 'metrics.val_loss_RMSE': 1.7058919715320695, 'metrics.test_By_MAEP': 0.11069355905056, 'metrics.train_loss_RMSE': 0.6922143886173432, 'metrics.test_Bx_MAEP': 0.11496253311634064, 'metrics.test_RMSE': 0.6526605995496534, 'metrics.test_Bx_MAE': 0.2876480519771576, 'metrics.test_MAE_norm': 0.5457011295847916, 'metrics.test_Bz_MAE': 0.3590778112411499, 'metrics.test_Bz_MAEP': 0.09363927692174911, 'metrics.final_val_loss': nan}"
